frame_idx,timestamp_s,cumulative_count,flow_rate_vpm,active_vehicles,density_category,traffic_condition
0,0.04,0,0.0,0,LOW,LOW
1,0.08,0,0.0,0,LOW,LOW
2,0.12,0,0.0,0,LOW,LOW
3,0.16,0,0.0,0,LOW,LOW
4,0.2,0,0.0,0,LOW,LOW
5,0.24,0,0.0,0,LOW,LOW
6,0.28,0,0.0,0,LOW,LOW
7,0.32,0,0.0,0,LOW,LOW
8,0.36,0,0.0,0,LOW,LOW
9,0.4,0,0.0,0,LOW,LOW
10,0.44,0,0.0,2,LOW,LOW
11,0.48,0,0.0,2,LOW,LOW
12,0.52,0,0.0,2,LOW,LOW
13,0.56,0,0.0,2,LOW,LOW
14,0.6,0,0.0,2,LOW,LOW
15,0.64,0,0.0,4,LOW,LOW
16,0.68,0,0.0,4,LOW,LOW
17,0.72,0,0.0,4,LOW,LOW
18,0.76,0,0.0,4,LOW,LOW
19,0.8,0,0.0,4,LOW,LOW
20,0.84,0,0.0,5,LOW,LOW
21,0.88,0,0.0,6,LOW,LOW
22,0.92,0,0.0,6,LOW,LOW
23,0.96,0,0.0,7,LOW,LOW
24,1.0,0,0.0,7,LOW,LOW
25,1.04,0,0.0,7,LOW,LOW
26,1.08,0,0.0,7,LOW,LOW
27,1.12,0,0.0,7,LOW,LOW
28,1.16,0,0.0,8,MODERATE,MODERATE
29,1.2,0,0.0,8,MODERATE,MODERATE
30,1.24,0,0.0,8,MODERATE,MODERATE
31,1.28,0,0.0,8,MODERATE,MODERATE
32,1.32,0,0.0,8,MODERATE,MODERATE
33,1.36,0,0.0,8,MODERATE,MODERATE
34,1.4,0,0.0,8,MODERATE,MODERATE
35,1.44,0,0.0,8,MODERATE,MODERATE
36,1.48,0,0.0,8,MODERATE,MODERATE
37,1.52,0,0.0,8,MODERATE,MODERATE
38,1.56,0,0.0,8,MODERATE,MODERATE
39,1.6,0,0.0,8,MODERATE,MODERATE
40,1.64,0,0.0,8,MODERATE,MODERATE
41,1.68,0,0.0,8,MODERATE,MODERATE
42,1.72,0,0.0,8,MODERATE,MODERATE
43,1.76,0,0.0,8,MODERATE,MODERATE
44,1.8,0,0.0,8,MODERATE,MODERATE
45,1.84,0,0.0,9,MODERATE,MODERATE
46,1.88,0,0.0,9,MODERATE,MODERATE
47,1.92,0,0.0,9,MODERATE,MODERATE
48,1.96,0,0.0,9,MODERATE,MODERATE
49,2.0,0,0.0,9,MODERATE,MODERATE
50,2.04,0,0.0,9,MODERATE,MODERATE
51,2.08,0,0.0,9,MODERATE,MODERATE
52,2.12,0,0.0,9,MODERATE,MODERATE
53,2.16,0,0.0,9,MODERATE,MODERATE
54,2.2,0,0.0,8,MODERATE,MODERATE
55,2.24,0,0.0,8,MODERATE,MODERATE
56,2.28,0,0.0,8,MODERATE,MODERATE
57,2.32,0,0.0,8,MODERATE,MODERATE
58,2.36,0,0.0,8,MODERATE,MODERATE
59,2.4,0,0.0,7,MODERATE,MODERATE
60,2.44,0,0.0,7,MODERATE,MODERATE
61,2.48,1,20.0,7,MODERATE,MODERATE
62,2.52,1,20.0,7,MODERATE,MODERATE
63,2.56,1,20.0,7,MODERATE,MODERATE
64,2.6,1,20.0,7,MODERATE,MODERATE
65,2.64,1,20.0,6,MODERATE,MODERATE
66,2.68,1,20.0,7,MODERATE,MODERATE
67,2.72,1,20.0,7,MODERATE,MODERATE
68,2.76,1,20.0,7,MODERATE,MODERATE
69,2.8,1,20.0,6,MODERATE,MODERATE
70,2.84,1,20.0,6,MODERATE,MODERATE
71,2.88,2,40.0,6,MODERATE,MODERATE
72,2.92,2,40.0,6,MODERATE,MODERATE
73,2.96,2,40.0,6,MODERATE,MODERATE
74,3.0,2,40.0,6,MODERATE,MODERATE
75,3.04,2,39.47,6,MODERATE,MODERATE
76,3.08,2,38.96,6,MODERATE,MODERATE
77,3.12,2,38.46,6,MODERATE,MODERATE
78,3.16,2,37.97,7,MODERATE,MODERATE
79,3.2,2,37.5,7,MODERATE,MODERATE
80,3.24,2,37.04,7,MODERATE,MODERATE
81,3.28,2,36.59,8,MODERATE,MODERATE
82,3.32,2,36.14,8,MODERATE,MODERATE
83,3.36,2,35.71,8,MODERATE,MODERATE
84,3.4,2,35.29,8,MODERATE,MODERATE
85,3.44,2,34.88,8,MODERATE,MODERATE
86,3.48,2,34.48,8,MODERATE,MODERATE
87,3.52,2,34.09,8,MODERATE,MODERATE
88,3.56,2,33.71,8,MODERATE,MODERATE
89,3.6,2,33.33,8,MODERATE,MODERATE
90,3.64,2,32.97,8,MODERATE,MODERATE
91,3.68,2,32.61,8,MODERATE,MODERATE
92,3.72,2,32.26,8,MODERATE,MODERATE
93,3.76,2,31.91,8,MODERATE,MODERATE
94,3.8,2,31.58,8,MODERATE,MODERATE
95,3.84,2,31.25,8,MODERATE,MODERATE
96,3.88,2,30.93,8,MODERATE,MODERATE
97,3.92,2,30.61,8,MODERATE,MODERATE
98,3.96,2,30.3,8,MODERATE,MODERATE
99,4.0,2,30.0,8,MODERATE,MODERATE
100,4.04,2,29.7,8,MODERATE,MODERATE
101,4.08,2,29.41,8,MODERATE,MODERATE
102,4.12,3,43.69,8,MODERATE,MODERATE
103,4.16,3,43.27,8,MODERATE,MODERATE
104,4.2,3,42.86,8,MODERATE,MODERATE
105,4.24,3,42.45,9,MODERATE,MODERATE
106,4.28,3,42.06,9,MODERATE,MODERATE
107,4.32,3,41.67,8,MODERATE,MODERATE
108,4.36,3,41.28,8,MODERATE,MODERATE
109,4.4,3,40.91,8,MODERATE,MODERATE
110,4.44,3,40.54,8,MODERATE,MODERATE
111,4.48,3,40.18,8,MODERATE,MODERATE
112,4.52,3,39.82,8,MODERATE,MODERATE
113,4.56,3,39.47,8,MODERATE,MODERATE
114,4.6,3,39.13,9,MODERATE,MODERATE
115,4.64,3,38.79,9,MODERATE,MODERATE
116,4.68,3,38.46,9,MODERATE,MODERATE
117,4.72,3,38.14,9,MODERATE,MODERATE
118,4.76,3,37.82,9,MODERATE,MODERATE
119,4.8,3,37.5,9,MODERATE,MODERATE
120,4.84,3,37.19,9,MODERATE,MODERATE
121,4.88,3,36.89,9,MODERATE,MODERATE
122,4.92,4,48.78,9,MODERATE,MODERATE
123,4.96,4,48.39,9,MODERATE,MODERATE
124,5.0,4,48.0,9,MODERATE,MODERATE
125,5.04,4,47.62,8,MODERATE,MODERATE
126,5.08,4,47.24,8,MODERATE,MODERATE
127,5.12,5,58.59,8,MODERATE,MODERATE
128,5.16,5,58.14,8,MODERATE,MODERATE
129,5.2,5,57.69,8,MODERATE,MODERATE
130,5.24,5,57.25,8,MODERATE,MODERATE
131,5.28,5,56.82,8,MODERATE,MODERATE
132,5.32,5,56.39,8,MODERATE,MODERATE
133,5.36,5,55.97,6,MODERATE,MODERATE
134,5.4,5,55.56,6,MODERATE,MODERATE
135,5.44,5,55.15,6,MODERATE,MODERATE
136,5.48,5,54.74,6,MODERATE,MODERATE
137,5.52,5,54.35,6,MODERATE,MODERATE
138,5.56,5,53.96,6,MODERATE,MODERATE
139,5.6,5,53.57,6,MODERATE,MODERATE
140,5.64,5,53.19,6,MODERATE,MODERATE
141,5.68,5,52.82,6,MODERATE,MODERATE
142,5.72,5,52.45,7,MODERATE,MODERATE
143,5.76,5,52.08,8,MODERATE,MODERATE
144,5.8,5,51.72,8,MODERATE,MODERATE
145,5.84,5,51.37,9,MODERATE,MODERATE
146,5.88,5,51.02,9,MODERATE,MODERATE
147,5.92,5,50.68,9,MODERATE,MODERATE
148,5.96,5,50.34,9,MODERATE,MODERATE
149,6.0,5,50.0,9,MODERATE,MODERATE
150,6.04,5,49.67,8,MODERATE,MODERATE
151,6.08,5,49.34,8,MODERATE,MODERATE
152,6.12,5,49.02,8,MODERATE,MODERATE
153,6.16,5,48.7,9,MODERATE,MODERATE
154,6.2,5,48.39,9,MODERATE,MODERATE
155,6.24,5,48.08,9,HIGH,HIGH / CONGESTED
156,6.28,5,47.77,9,HIGH,HIGH / CONGESTED
157,6.32,5,47.47,9,HIGH,HIGH / CONGESTED
158,6.36,5,47.17,9,HIGH,HIGH / CONGESTED
159,6.4,5,46.88,9,HIGH,HIGH / CONGESTED
160,6.44,5,46.58,9,HIGH,HIGH / CONGESTED
161,6.48,5,46.3,9,HIGH,HIGH / CONGESTED
162,6.52,5,46.01,9,HIGH,HIGH / CONGESTED
163,6.56,5,45.73,9,HIGH,HIGH / CONGESTED
164,6.6,5,45.45,9,HIGH,HIGH / CONGESTED
165,6.64,5,45.18,9,HIGH,HIGH / CONGESTED
166,6.68,5,44.91,9,HIGH,HIGH / CONGESTED
167,6.72,5,44.64,9,HIGH,HIGH / CONGESTED
168,6.76,5,44.38,10,HIGH,HIGH / CONGESTED
169,6.8,5,44.12,11,HIGH,HIGH / CONGESTED
170,6.84,5,43.86,11,HIGH,HIGH / CONGESTED
171,6.88,5,43.6,9,HIGH,HIGH / CONGESTED
172,6.92,5,43.35,9,HIGH,HIGH / CONGESTED
173,6.96,5,43.1,9,HIGH,HIGH / CONGESTED
174,7.0,5,42.86,8,HIGH,HIGH / CONGESTED
175,7.04,5,42.61,8,HIGH,HIGH / CONGESTED
176,7.08,5,42.37,8,HIGH,HIGH / CONGESTED
177,7.12,5,42.13,8,HIGH,HIGH / CONGESTED
178,7.16,5,41.9,8,HIGH,HIGH / CONGESTED
179,7.2,5,41.67,8,HIGH,HIGH / CONGESTED
180,7.24,6,49.72,8,HIGH,HIGH / CONGESTED
181,7.28,6,49.45,9,HIGH,HIGH / CONGESTED
182,7.32,6,49.18,9,HIGH,HIGH / CONGESTED
183,7.36,6,48.91,9,HIGH,HIGH / CONGESTED
184,7.4,6,48.65,9,HIGH,HIGH / CONGESTED
185,7.44,6,48.39,9,HIGH,HIGH / CONGESTED
186,7.48,6,48.13,9,HIGH,HIGH / CONGESTED
187,7.52,6,47.87,9,HIGH,HIGH / CONGESTED
188,7.56,6,47.62,9,HIGH,HIGH / CONGESTED
189,7.6,6,47.37,9,HIGH,HIGH / CONGESTED
190,7.64,6,47.12,9,HIGH,HIGH / CONGESTED
191,7.68,6,46.88,9,HIGH,HIGH / CONGESTED
192,7.72,7,54.4,9,HIGH,HIGH / CONGESTED
193,7.76,7,54.12,9,HIGH,HIGH / CONGESTED
194,7.8,7,53.85,9,HIGH,HIGH / CONGESTED
195,7.84,8,61.22,9,HIGH,HIGH / CONGESTED
196,7.88,8,60.91,9,HIGH,HIGH / CONGESTED
197,7.92,8,60.61,8,HIGH,HIGH / CONGESTED
198,7.96,8,60.3,7,HIGH,HIGH / CONGESTED
199,8.0,8,60.0,7,HIGH,HIGH / CONGESTED
200,8.04,8,59.7,7,HIGH,HIGH / CONGESTED
201,8.08,8,59.41,8,HIGH,HIGH / CONGESTED
202,8.12,8,59.11,8,HIGH,HIGH / CONGESTED
203,8.16,8,58.82,8,HIGH,HIGH / CONGESTED
204,8.2,8,58.54,8,HIGH,HIGH / CONGESTED
205,8.24,8,58.25,8,HIGH,HIGH / CONGESTED
206,8.28,9,65.22,8,HIGH,HIGH / CONGESTED
207,8.32,9,64.9,8,HIGH,HIGH / CONGESTED
208,8.36,9,64.59,8,HIGH,HIGH / CONGESTED
209,8.4,9,64.29,8,HIGH,HIGH / CONGESTED
210,8.44,9,63.98,8,HIGH,HIGH / CONGESTED
211,8.48,9,63.68,8,HIGH,HIGH / CONGESTED
212,8.52,9,63.38,8,HIGH,HIGH / CONGESTED
213,8.56,9,63.08,8,HIGH,HIGH / CONGESTED
214,8.6,9,62.79,8,HIGH,HIGH / CONGESTED
215,8.64,9,62.5,8,HIGH,HIGH / CONGESTED
216,8.68,9,62.21,8,HIGH,HIGH / CONGESTED
217,8.72,9,61.93,8,HIGH,HIGH / CONGESTED
218,8.76,9,61.64,7,HIGH,HIGH / CONGESTED
219,8.8,9,61.36,7,HIGH,HIGH / CONGESTED
220,8.84,9,61.09,7,HIGH,HIGH / CONGESTED
221,8.88,9,60.81,7,HIGH,HIGH / CONGESTED
222,8.92,9,60.54,7,HIGH,HIGH / CONGESTED
223,8.96,9,60.27,7,HIGH,HIGH / CONGESTED
224,9.0,9,60.0,7,HIGH,HIGH / CONGESTED
225,9.04,9,59.73,6,HIGH,HIGH / CONGESTED
226,9.08,9,59.47,6,HIGH,HIGH / CONGESTED
227,9.12,9,59.21,6,HIGH,HIGH / CONGESTED
228,9.16,9,58.95,6,HIGH,HIGH / CONGESTED
229,9.2,9,58.7,6,HIGH,HIGH / CONGESTED
230,9.24,9,58.44,6,HIGH,HIGH / CONGESTED
231,9.28,9,58.19,6,HIGH,HIGH / CONGESTED
232,9.32,9,57.94,6,HIGH,HIGH / CONGESTED
233,9.36,9,57.69,6,HIGH,HIGH / CONGESTED
234,9.4,9,57.45,6,HIGH,HIGH / CONGESTED
235,9.44,9,57.2,6,HIGH,HIGH / CONGESTED
236,9.48,9,56.96,6,MODERATE,MODERATE
237,9.52,9,56.72,6,MODERATE,MODERATE
238,9.56,9,56.49,6,MODERATE,MODERATE
239,9.6,9,56.25,6,MODERATE,MODERATE
240,9.64,9,56.02,6,MODERATE,MODERATE
241,9.68,9,55.79,7,MODERATE,MODERATE
242,9.72,9,55.56,7,MODERATE,MODERATE
243,9.76,9,55.33,7,MODERATE,MODERATE
244,9.8,9,55.1,6,MODERATE,MODERATE
245,9.84,9,54.88,6,MODERATE,MODERATE
246,9.88,9,54.66,6,MODERATE,MODERATE
247,9.92,9,54.44,6,MODERATE,MODERATE
248,9.96,9,54.22,6,MODERATE,MODERATE
249,10.0,9,54.0,6,MODERATE,MODERATE
250,10.04,9,53.78,6,MODERATE,MODERATE
251,10.08,9,53.57,6,MODERATE,MODERATE
252,10.12,9,53.36,6,MODERATE,MODERATE
253,10.16,9,53.15,7,MODERATE,MODERATE
254,10.2,9,52.94,7,MODERATE,MODERATE
255,10.24,9,52.73,7,MODERATE,MODERATE
256,10.28,9,52.53,7,MODERATE,MODERATE
257,10.32,10,58.14,7,MODERATE,MODERATE
258,10.36,10,57.92,7,MODERATE,MODERATE
259,10.4,10,57.69,7,MODERATE,MODERATE
260,10.44,10,57.47,7,MODERATE,MODERATE
261,10.48,10,57.25,7,MODERATE,MODERATE
262,10.52,10,57.03,7,MODERATE,MODERATE
263,10.56,10,56.82,7,MODERATE,MODERATE
264,10.6,10,56.6,7,MODERATE,MODERATE
265,10.64,10,56.39,7,MODERATE,MODERATE
266,10.68,10,56.18,7,MODERATE,MODERATE
267,10.72,10,55.97,8,MODERATE,MODERATE
268,10.76,10,55.76,8,MODERATE,MODERATE
269,10.8,10,55.56,8,MODERATE,MODERATE
270,10.84,10,55.35,8,MODERATE,MODERATE
271,10.88,10,55.15,8,MODERATE,MODERATE
272,10.92,10,54.95,8,MODERATE,MODERATE
273,10.96,10,54.74,8,MODERATE,MODERATE
274,11.0,10,54.55,8,MODERATE,MODERATE
275,11.04,10,54.35,8,MODERATE,MODERATE
276,11.08,10,54.15,8,MODERATE,MODERATE
277,11.12,10,53.96,8,MODERATE,MODERATE
278,11.16,10,53.76,8,MODERATE,MODERATE
279,11.2,10,53.57,8,MODERATE,MODERATE
280,11.24,10,53.38,8,MODERATE,MODERATE
281,11.28,10,53.19,8,MODERATE,MODERATE
282,11.32,10,53.0,8,MODERATE,MODERATE
283,11.36,10,52.82,9,MODERATE,MODERATE
284,11.4,10,52.63,9,MODERATE,MODERATE
285,11.44,10,52.45,9,MODERATE,MODERATE
286,11.48,10,52.26,8,MODERATE,MODERATE
287,11.52,10,52.08,8,MODERATE,MODERATE
288,11.56,10,51.9,7,MODERATE,MODERATE
289,11.6,10,51.72,7,MODERATE,MODERATE
290,11.64,10,51.55,7,MODERATE,MODERATE
291,11.68,10,51.37,7,MODERATE,MODERATE
292,11.72,10,51.19,7,MODERATE,MODERATE
293,11.76,10,51.02,6,MODERATE,MODERATE
294,11.8,11,55.93,6,MODERATE,MODERATE
295,11.84,11,55.74,6,MODERATE,MODERATE
296,11.88,11,55.56,6,MODERATE,MODERATE
297,11.92,11,55.37,6,MODERATE,MODERATE
298,11.96,11,55.18,6,MODERATE,MODERATE
299,12.0,11,55.0,6,MODERATE,MODERATE
300,12.04,11,54.82,6,MODERATE,MODERATE
301,12.08,11,54.64,6,MODERATE,MODERATE
302,12.12,11,54.46,6,MODERATE,MODERATE
303,12.16,11,54.28,6,MODERATE,MODERATE
304,12.2,11,54.1,6,MODERATE,MODERATE
305,12.24,11,53.92,6,MODERATE,MODERATE
306,12.28,11,53.75,6,MODERATE,MODERATE
307,12.32,11,53.57,6,MODERATE,MODERATE
308,12.36,11,53.4,6,MODERATE,MODERATE
309,12.4,11,53.23,7,MODERATE,MODERATE
310,12.44,12,57.88,7,MODERATE,MODERATE
311,12.48,12,57.69,7,MODERATE,MODERATE
312,12.52,12,57.51,7,MODERATE,MODERATE
313,12.56,12,57.32,6,MODERATE,MODERATE
314,12.6,12,57.14,6,MODERATE,MODERATE
315,12.64,12,56.96,7,MODERATE,MODERATE
316,12.68,12,56.78,7,MODERATE,MODERATE
317,12.72,12,56.6,7,MODERATE,MODERATE
318,12.76,12,56.43,7,MODERATE,MODERATE
319,12.8,12,56.25,7,MODERATE,MODERATE
320,12.84,12,56.07,7,MODERATE,MODERATE
321,12.88,12,55.9,7,MODERATE,MODERATE
322,12.92,13,60.37,7,MODERATE,MODERATE
323,12.96,13,60.19,7,MODERATE,MODERATE
324,13.0,13,60.0,7,MODERATE,MODERATE
325,13.04,13,59.82,7,MODERATE,MODERATE
326,13.08,13,59.63,7,MODERATE,MODERATE
327,13.12,13,59.45,6,MODERATE,MODERATE
328,13.16,13,59.27,6,MODERATE,MODERATE
329,13.2,13,59.09,5,MODERATE,MODERATE
330,13.24,13,58.91,5,MODERATE,MODERATE
331,13.28,13,58.73,5,MODERATE,MODERATE
332,13.32,13,58.56,5,MODERATE,MODERATE
333,13.36,13,58.38,5,MODERATE,MODERATE
334,13.4,13,58.21,5,MODERATE,MODERATE
335,13.44,13,58.04,5,MODERATE,MODERATE
336,13.48,13,57.86,5,MODERATE,MODERATE
337,13.52,13,57.69,6,MODERATE,MODERATE
338,13.56,13,57.52,6,MODERATE,MODERATE
339,13.6,13,57.35,6,MODERATE,MODERATE
340,13.64,13,57.18,6,MODERATE,MODERATE
341,13.68,13,57.02,6,MODERATE,MODERATE
342,13.72,13,56.85,6,MODERATE,MODERATE
343,13.76,13,56.69,6,MODERATE,MODERATE
344,13.8,13,56.52,6,MODERATE,MODERATE
345,13.84,13,56.36,6,MODERATE,MODERATE
346,13.88,13,56.2,6,MODERATE,MODERATE
347,13.92,13,56.03,6,MODERATE,MODERATE
348,13.96,13,55.87,6,MODERATE,MODERATE
349,14.0,13,55.71,6,MODERATE,MODERATE
350,14.04,14,59.83,6,MODERATE,MODERATE
351,14.08,14,59.66,6,MODERATE,MODERATE
352,14.12,14,59.49,7,MODERATE,MODERATE
353,14.16,14,59.32,7,MODERATE,MODERATE
354,14.2,14,59.15,7,MODERATE,MODERATE
355,14.24,14,58.99,7,MODERATE,MODERATE
356,14.28,14,58.82,7,MODERATE,MODERATE
357,14.32,14,58.66,7,MODERATE,MODERATE
358,14.36,14,58.5,7,MODERATE,MODERATE
359,14.4,14,58.33,7,MODERATE,MODERATE
360,14.44,14,58.17,7,MODERATE,MODERATE
361,14.48,14,58.01,7,MODERATE,MODERATE
362,14.52,14,57.85,7,MODERATE,MODERATE
363,14.56,14,57.69,7,MODERATE,MODERATE
364,14.6,14,57.53,7,MODERATE,MODERATE
365,14.64,14,57.38,7,MODERATE,MODERATE
366,14.68,14,57.22,7,MODERATE,MODERATE
367,14.72,14,57.07,7,MODERATE,MODERATE
368,14.76,14,56.91,7,MODERATE,MODERATE
369,14.8,14,56.76,7,MODERATE,MODERATE
370,14.84,14,56.6,7,MODERATE,MODERATE
371,14.88,14,56.45,7,MODERATE,MODERATE
372,14.92,14,56.3,6,MODERATE,MODERATE
373,14.96,14,56.15,6,MODERATE,MODERATE
374,15.0,14,56.0,6,MODERATE,MODERATE
